{
  "age_lr": {
    "brier_pre": 0.13179934496115486,
    "nll_pre": 0.4355003647940533,
    "brier_platt": 0.13022651392388948,
    "brier_iso": 0.1300898725687458,
    "nll_platt": 0.42936457362689856,
    "nll_iso": 0.4289892572657303,
    "best": "isotonic",
    "brier_best": 0.1300898725687458,
    "nll_best": 0.4289892572657303,
    "ece_pre": 0.012754414019015158,
    "ece_pre_ci": [
      0.0005535785866320483,
      0.03687058088457734
    ],
    "ece_post": 0.013821192488262909,
    "ece_post_ci": [
      0.0012783366867874064,
      0.03799999999999996
    ]
  },
  "ebm": {
    "brier_pre": 0.13494093050188252,
    "nll_pre": 0.44386879152098674,
    "brier_platt": 0.13017322098726983,
    "brier_iso": 0.1295752614864924,
    "nll_platt": 0.42914637796143007,
    "nll_iso": 0.42473200249412923,
    "best": "isotonic",
    "brier_best": 0.1295752614864924,
    "nll_best": 0.42473200249412923,
    "ece_pre": 0.04308931337287856,
    "ece_pre_ci": [
      0.022024934996823356,
      0.07329940005909039
    ],
    "ece_post": 0.012656163955769417,
    "ece_post_ci": [
      0.0004550238834592596,
      0.03592524499239074
    ]
  },
  "gbdt": {
    "brier_pre": 0.1581983525951455,
    "nll_pre": 0.7171212550351695,
    "brier_platt": 0.1299457300170221,
    "brier_iso": 0.12965583160800553,
    "nll_platt": 0.42822638771838023,
    "nll_iso": 0.4264451349652656,
    "best": "isotonic",
    "brier_best": 0.12965583160800553,
    "nll_best": 0.4264451349652656,
    "ece_pre": 0.14722872440884652,
    "ece_pre_ci": [
      0.11875813262898352,
      0.17859754548127899
    ],
    "ece_post": 0.016465177984817118,
    "ece_post_ci": [
      0.003142862318840569,
      0.03903332815734986
    ]
  }
}